﻿<?xml version="1.0" encoding="utf-8" ?>
<c2eventsheet>
    <!--All the 'name' attributes are ignored by Construct 2 - they are there for readability only.-->
    <name>Event sheet game over</name>
    <events>
        <event-block sid="965834909577903">
            <conditions>
                <condition id="0" name="On clicked" sid="257760876731878" type="Button" />
            </conditions>
            <actions>
                <action id="-2" name="Go to layout" sid="266180139111161" type="System">
                    <param id="0" name="Layout">Layoutítulo</param>
                </action>
            </actions>
        </event-block>
    </events>
</c2eventsheet>
