﻿<?xml version="1.0" encoding="utf-8" ?>
<c2eventsheet>
    <!--All the 'name' attributes are ignored by Construct 2 - they are there for readability only.-->
    <name>Event sheet Fase1Parte1</name>
    <events>
        <variable constant="0" name="PortaUsada" sid="914440804385887" static="0" type="text"></variable>
        <variable constant="0" name="Controlando" sid="396410922240612" static="0" type="text">Herói 1</variable>
        <event-block sid="726120756652311">
            <conditions>
                <condition id="-2" name="On start of layout" sid="963803442855446" type="System" />
            </conditions>
            <actions>
                <action id="4" name="Set animation" sid="112031034356137" type="Porta">
                    <param id="0" name="Animation">&quot;Closed&quot;</param>
                    <param id="1" name="From">1</param>
                </action>
                <action behavior="Fade" id="2" name="Set fade-in time" sid="502796654628590" type="LevelIntro">
                    <param id="0" name="Fade-in time">3</param>
                </action>
            </actions>
        </event-block>
        <event-group description="" sid="906363679322725" title="Movimentos">
            <sub-events>
                <event-block sid="960181640433176">
                    <conditions>
                        <condition id="0" name="On collision with another object" sid="930693697778112" type="Heroi2">
                            <param id="0" name="Object">Porta</param>
                        </condition>
                        <condition behavior="Pin" id="0" name="Is pinned" sid="640938660761052" type="Chave" />
                    </conditions>
                    <actions>
                        <action id="-9" name="Destroy" sid="146953344407806" type="Chave" />
                        <action id="4" name="Set animation" sid="905098894674236" type="Porta">
                            <param id="0" name="Animation">&quot;Open&quot;</param>
                            <param id="1" name="From">1</param>
                        </action>
                    </actions>
                </event-block>
                <event-block sid="325962736445699">
                    <conditions>
                        <condition id="0" name="On collision with another object" sid="655005522068017" type="Heroi2">
                            <param id="0" name="Object">Chave</param>
                        </condition>
                    </conditions>
                    <actions>
                        <action behavior="Pin" id="0" name="Pin to object" sid="521781286598053" type="Chave">
                            <param id="0" name="Pin to">Heroi2</param>
                            <param id="1" name="Mode">0</param>
                        </action>
                        <action behavior="Solid" id="0" name="Set enabled" sid="171594443641983" type="Chave">
                            <param id="0" name="State">0</param>
                        </action>
                    </actions>
                </event-block>
                <event-block sid="251202223360417">
                    <conditions>
                        <condition id="0" name="On collision with another object" sid="882348270646961" type="Heroi1">
                            <param id="0" name="Object">Chave</param>
                        </condition>
                    </conditions>
                    <actions>
                        <action behavior="Pin" id="0" name="Pin to object" sid="926999142660913" type="Chave">
                            <param id="0" name="Pin to">Heroi1</param>
                            <param id="1" name="Mode">0</param>
                        </action>
                        <action behavior="Solid" id="0" name="Set enabled" sid="181560801248753" type="Chave">
                            <param id="0" name="State">0</param>
                        </action>
                    </actions>
                </event-block>
                <event-block sid="287239541411905">
                    <conditions>
                        <condition id="0" name="On collision with another object" sid="634621483754693" type="Heroi1">
                            <param id="0" name="Object">Porta</param>
                        </condition>
                        <condition behavior="Pin" id="0" name="Is pinned" sid="157525733259619" type="Chave" />
                    </conditions>
                    <actions>
                        <action id="-9" name="Destroy" sid="991811465019393" type="Chave" />
                        <action id="4" name="Set animation" sid="666560412464231" type="Porta">
                            <param id="0" name="Animation">&quot;Open&quot;</param>
                            <param id="1" name="From">1</param>
                        </action>
                    </actions>
                </event-block>
                <event-block sid="614115952020786">
                    <conditions>
                        <condition id="-14" name="Compare variable" sid="301742300378106" type="System">
                            <param id="0" name="Variable">Controlando</param>
                            <param id="1" name="Comparison">0</param>
                            <param id="2" name="Value">&quot;Herói 1&quot;</param>
                        </condition>
                    </conditions>
                    <actions>
                        <action behavior="MoveTo" id="0" name="Set enabled" sid="323142192300631" type="Heroi1">
                            <param id="0" name="State">0</param>
                        </action>
                        <action behavior="ScrollTo" id="1" name="Set enabled" sid="461997893011768" type="Heroi1">
                            <param id="0" name="State">1</param>
                        </action>
                        <action behavior="8Direction" id="8" name="Set enabled" sid="552105176603524" type="Heroi1">
                            <param id="0" name="State">1</param>
                        </action>
                        <action behavior="MoveTo" id="0" name="Set enabled" sid="208539464768523" type="Heroi2">
                            <param id="0" name="State">1</param>
                        </action>
                        <action behavior="ScrollTo" id="1" name="Set enabled" sid="723322034423743" type="Heroi2">
                            <param id="0" name="State">0</param>
                        </action>
                        <action behavior="8Direction" id="8" name="Set enabled" sid="626542741631546" type="Heroi2">
                            <param id="0" name="State">0</param>
                        </action>
                    </actions>
                </event-block>
                <event-block sid="829632301859664">
                    <conditions>
                        <condition id="-14" name="Compare variable" sid="609726310996477" type="System">
                            <param id="0" name="Variable">Controlando</param>
                            <param id="1" name="Comparison">0</param>
                            <param id="2" name="Value">&quot;Herói 2&quot;</param>
                        </condition>
                    </conditions>
                    <actions>
                        <action behavior="MoveTo" id="0" name="Set enabled" sid="408195300465815" type="Heroi1">
                            <param id="0" name="State">1</param>
                        </action>
                        <action behavior="ScrollTo" id="1" name="Set enabled" sid="779692101456578" type="Heroi1">
                            <param id="0" name="State">0</param>
                        </action>
                        <action behavior="8Direction" id="8" name="Set enabled" sid="883858156298457" type="Heroi1">
                            <param id="0" name="State">0</param>
                        </action>
                        <action behavior="MoveTo" id="0" name="Set enabled" sid="434263175098337" type="Heroi2">
                            <param id="0" name="State">0</param>
                        </action>
                        <action behavior="ScrollTo" id="1" name="Set enabled" sid="821436702078131" type="Heroi2">
                            <param id="0" name="State">1</param>
                        </action>
                        <action behavior="8Direction" id="8" name="Set enabled" sid="685956431115533" type="Heroi2">
                            <param id="0" name="State">1</param>
                        </action>
                    </actions>
                </event-block>
                <event-block sid="187712981684215">
                    <conditions>
                        <condition id="3" name="On key released" sid="116081275872592" type="Keyboard">
                            <param id="0" name="Key">32</param>
                        </condition>
                    </conditions>
                    <actions />
                    <sub-events>
                        <event-block sid="527427688239560">
                            <conditions>
                                <condition id="-14" name="Compare variable" sid="164410609776158" type="System">
                                    <param id="0" name="Variable">Controlando</param>
                                    <param id="1" name="Comparison">0</param>
                                    <param id="2" name="Value">&quot;Herói 1&quot;</param>
                                </condition>
                            </conditions>
                            <actions>
                                <action id="-9" name="Set value" sid="646805201223214" type="System">
                                    <param id="0" name="Variable">Controlando</param>
                                    <param id="1" name="Value">&quot;Herói 2&quot;</param>
                                </action>
                            </actions>
                        </event-block>
                        <event-block sid="335969996092362">
                            <conditions>
                                <condition id="-22" name="Else" sid="756260901543062" type="System" />
                            </conditions>
                            <actions>
                                <action id="-9" name="Set value" sid="343916195304223" type="System">
                                    <param id="0" name="Variable">Controlando</param>
                                    <param id="1" name="Value">&quot;Herói 1&quot;</param>
                                </action>
                            </actions>
                        </event-block>
                    </sub-events>
                </event-block>
                <event-block sid="188504265718228">
                    <conditions>
                        <condition id="-14" name="Compare variable" sid="104198566879056" type="System">
                            <param id="0" name="Variable">Controlando</param>
                            <param id="1" name="Comparison">0</param>
                            <param id="2" name="Value">&quot;Herói 1&quot;</param>
                        </condition>
                        <condition behavior="8Direction" id="0" name="Is moving" sid="814141395790683" type="Heroi1" />
                        <condition id="-8" inverted="1" name="Is boolean instance variable set" sid="964367777297758" type="Heroi2">
                            <param id="0" name="Instance variable">Parado2</param>
                        </condition>
                    </conditions>
                    <actions>
                        <action behavior="MoveTo" id="6" name="Move to object" sid="673843393422248" type="Heroi2">
                            <param id="0" name="Target">Heroi1</param>
                        </action>
                        <action id="-8" name="Set angle" sid="180565974353092" type="Heroi2">
                            <param id="0" name="Angle">Heroi1.Angle</param>
                        </action>
                    </actions>
                </event-block>
                <event-block sid="755107827168838">
                    <conditions>
                        <condition id="-14" name="Compare variable" sid="325757983658310" type="System">
                            <param id="0" name="Variable">Controlando</param>
                            <param id="1" name="Comparison">0</param>
                            <param id="2" name="Value">&quot;Herói 2&quot;</param>
                        </condition>
                        <condition behavior="8Direction" id="0" name="Is moving" sid="105198050964058" type="Heroi2" />
                        <condition id="-8" inverted="1" name="Is boolean instance variable set" sid="947241092801321" type="Heroi1">
                            <param id="0" name="Instance variable">Parado1</param>
                        </condition>
                    </conditions>
                    <actions>
                        <action behavior="MoveTo" id="6" name="Move to object" sid="547623955020382" type="Heroi1">
                            <param id="0" name="Target">Heroi2</param>
                        </action>
                        <action id="-8" name="Set angle" sid="819610981407156" type="Heroi1">
                            <param id="0" name="Angle">Heroi2.Angle</param>
                        </action>
                    </actions>
                </event-block>
                <event-block sid="899173615229384">
                    <conditions>
                        <condition id="3" name="On key released" sid="613067452824219" type="Keyboard">
                            <param id="0" name="Key">90</param>
                        </condition>
                        <condition id="-14" name="Compare variable" sid="884199781962867" type="System">
                            <param id="0" name="Variable">Controlando</param>
                            <param id="1" name="Comparison">0</param>
                            <param id="2" name="Value">&quot;Herói 1&quot;</param>
                        </condition>
                    </conditions>
                    <actions>
                        <action id="0" name="Spawn another object" sid="985610649852354" type="Heroi1">
                            <param id="0" name="Object">bolaFOGO</param>
                            <param id="1" name="Layer">0</param>
                            <param id="2" name="Image point">0</param>
                        </action>
                    </actions>
                </event-block>
                <event-block sid="658326647587660">
                    <conditions>
                        <condition id="3" name="On key released" sid="195025393240278" type="Keyboard">
                            <param id="0" name="Key">90</param>
                        </condition>
                        <condition id="-14" name="Compare variable" sid="204294484049207" type="System">
                            <param id="0" name="Variable">Controlando</param>
                            <param id="1" name="Comparison">0</param>
                            <param id="2" name="Value">&quot;Herói 2&quot;</param>
                        </condition>
                    </conditions>
                    <actions>
                        <action id="0" name="Spawn another object" sid="169425217412560" type="Heroi2">
                            <param id="0" name="Object">bolaGELO</param>
                            <param id="1" name="Layer">0</param>
                            <param id="2" name="Image point">0</param>
                        </action>
                    </actions>
                </event-block>
                <event-block sid="677576414133248">
                    <conditions>
                        <condition id="3" name="On key released" sid="474556198063327" type="Keyboard">
                            <param id="0" name="Key">88</param>
                        </condition>
                        <condition id="-14" name="Compare variable" sid="735560707728777" type="System">
                            <param id="0" name="Variable">Controlando</param>
                            <param id="1" name="Comparison">0</param>
                            <param id="2" name="Value">&quot;Herói 2&quot;</param>
                        </condition>
                    </conditions>
                    <actions />
                    <sub-events>
                        <event-block sid="550466613534233">
                            <conditions>
                                <condition id="-8" inverted="1" name="Is boolean instance variable set" sid="832416565194485" type="Heroi1">
                                    <param id="0" name="Instance variable">Parado1</param>
                                </condition>
                            </conditions>
                            <actions>
                                <action id="-13" name="Set boolean" sid="997424018812062" type="Heroi1">
                                    <param id="0" name="Instance variable">Parado1</param>
                                    <param id="1" name="Value">1</param>
                                </action>
                            </actions>
                        </event-block>
                        <event-block sid="960975221212249">
                            <conditions>
                                <condition id="-22" name="Else" sid="374063797079940" type="System" />
                            </conditions>
                            <actions>
                                <action id="-13" name="Set boolean" sid="875937549227696" type="Heroi1">
                                    <param id="0" name="Instance variable">Parado1</param>
                                    <param id="1" name="Value">0</param>
                                </action>
                            </actions>
                        </event-block>
                    </sub-events>
                </event-block>
                <event-block sid="970072238582630">
                    <conditions>
                        <condition id="3" name="On key released" sid="745059285371268" type="Keyboard">
                            <param id="0" name="Key">88</param>
                        </condition>
                        <condition id="-14" name="Compare variable" sid="916795324983338" type="System">
                            <param id="0" name="Variable">Controlando</param>
                            <param id="1" name="Comparison">0</param>
                            <param id="2" name="Value">&quot;Herói 1&quot;</param>
                        </condition>
                    </conditions>
                    <actions />
                    <sub-events>
                        <event-block sid="771098300171979">
                            <conditions>
                                <condition id="-8" inverted="1" name="Is boolean instance variable set" sid="597666518699850" type="Heroi2">
                                    <param id="0" name="Instance variable">Parado2</param>
                                </condition>
                            </conditions>
                            <actions>
                                <action id="-13" name="Set boolean" sid="394290300725305" type="Heroi2">
                                    <param id="0" name="Instance variable">Parado2</param>
                                    <param id="1" name="Value">1</param>
                                </action>
                            </actions>
                        </event-block>
                        <event-block sid="992374328055201">
                            <conditions>
                                <condition id="-22" name="Else" sid="825919935471757" type="System" />
                            </conditions>
                            <actions>
                                <action id="-13" name="Set boolean" sid="836454904001661" type="Heroi2">
                                    <param id="0" name="Instance variable">Parado2</param>
                                    <param id="1" name="Value">0</param>
                                </action>
                            </actions>
                        </event-block>
                    </sub-events>
                </event-block>
            </sub-events>
        </event-group>
        <event-block sid="843603300668598">
            <conditions>
                <condition id="0" name="On collision with another object" sid="448124342321552" type="Heroi1">
                    <param id="0" name="Object">portaMenor</param>
                </condition>
                <condition id="-1" name="Compare X" sid="930670583669808" type="portaMenor">
                    <param id="0" name="Comparison">0</param>
                    <param id="1" name="X co-ordinate">848</param>
                </condition>
                <condition id="-2" name="Compare Y" sid="142208837659403" type="portaMenor">
                    <param id="0" name="Comparison">0</param>
                    <param id="1" name="Y co-ordinate">778</param>
                </condition>
                <condition id="-14" name="Compare variable" sid="866070254184690" type="System">
                    <param id="0" name="Variable">Controlando</param>
                    <param id="1" name="Comparison">0</param>
                    <param id="2" name="Value">&quot;Herói 1&quot;</param>
                </condition>
            </conditions>
            <actions>
                <action id="-2" name="Go to layout" sid="550071251791939" type="System">
                    <param id="0" name="Layout">Fase1Parte2</param>
                </action>
                <action id="-9" name="Set value" sid="515499813267230" type="System">
                    <param id="0" name="Variable">PortaUsada</param>
                    <param id="1" name="Value">&quot;PortaAbaixo&quot;</param>
                </action>
            </actions>
        </event-block>
        <event-block sid="396972650111524">
            <conditions>
                <condition id="0" name="On collision with another object" sid="212300296840008" type="Heroi2">
                    <param id="0" name="Object">portaMenor</param>
                </condition>
                <condition id="-1" name="Compare X" sid="264896187769515" type="portaMenor">
                    <param id="0" name="Comparison">0</param>
                    <param id="1" name="X co-ordinate">848</param>
                </condition>
                <condition id="-2" name="Compare Y" sid="994587589300351" type="portaMenor">
                    <param id="0" name="Comparison">0</param>
                    <param id="1" name="Y co-ordinate">778</param>
                </condition>
                <condition id="-14" name="Compare variable" sid="151531137019836" type="System">
                    <param id="0" name="Variable">Controlando</param>
                    <param id="1" name="Comparison">0</param>
                    <param id="2" name="Value">&quot;Herói 2&quot;</param>
                </condition>
            </conditions>
            <actions>
                <action id="-2" name="Go to layout" sid="637900204678893" type="System">
                    <param id="0" name="Layout">Fase1Parte2</param>
                </action>
                <action id="-9" name="Set value" sid="788798498990622" type="System">
                    <param id="0" name="Variable">PortaUsada</param>
                    <param id="1" name="Value">&quot;PortaAbaixo&quot;</param>
                </action>
            </actions>
        </event-block>
        <event-block sid="626916049455312">
            <conditions>
                <condition id="-2" name="On start of layout" sid="634767059764374" type="System" />
                <condition id="-14" name="Compare variable" sid="676732910567017" type="System">
                    <param id="0" name="Variable">Chariavel</param>
                    <param id="1" name="Comparison">4</param>
                    <param id="2" name="Value">0</param>
                </condition>
            </conditions>
            <actions>
                <action id="-3" name="Set position" sid="348591804546063" type="Chave">
                    <param id="0" name="X">933</param>
                    <param id="1" name="Y">814</param>
                </action>
            </actions>
        </event-block>
        <event-block sid="634401992016652">
            <conditions>
                <condition id="0" name="On collision with another object" sid="153892375673466" type="Porta">
                    <param id="0" name="Object">Heroi1</param>
                </condition>
                <condition id="2" name="Is playing" sid="394689002722847" type="Porta">
                    <param id="0" name="Animation">&quot;Open&quot;</param>
                </condition>
            </conditions>
            <actions>
                <action id="-2" name="Go to layout" sid="549033142914989" type="System">
                    <param id="0" name="Layout">Layoutítulo</param>
                </action>
            </actions>
        </event-block>
        <event-block sid="160844063278090">
            <conditions>
                <condition id="0" name="On collision with another object" sid="814949541067236" type="Porta">
                    <param id="0" name="Object">Heroi2</param>
                </condition>
                <condition id="2" name="Is playing" sid="848284352551858" type="Porta">
                    <param id="0" name="Animation">&quot;Open&quot;</param>
                </condition>
            </conditions>
            <actions>
                <action id="-2" name="Go to layout" sid="714099177450534" type="System">
                    <param id="0" name="Layout">Layoutítulo</param>
                </action>
            </actions>
        </event-block>
    </events>
</c2eventsheet>
