﻿<?xml version="1.0" encoding="utf-8" ?>
<c2eventsheet>
    <!--All the 'name' attributes are ignored by Construct 2 - they are there for readability only.-->
    <name>Event sheet Fase1Parte3</name>
    <events>
        <variable constant="0" name="Chariavel" sid="848494761797699" static="0" type="number">0</variable>
        <event-block sid="467534793315206">
            <conditions>
                <condition id="-2" name="On start of layout" sid="100715226206148" type="System" />
                <condition id="-14" name="Compare variable" sid="449031160279896" type="System">
                    <param id="0" name="Variable">PortaUsada</param>
                    <param id="1" name="Comparison">0</param>
                    <param id="2" name="Value">&quot;PortaAcima&quot;</param>
                </condition>
            </conditions>
            <actions>
                <action id="-3" name="Set position" sid="553037458324306" type="Heroi1">
                    <param id="0" name="X">850</param>
                    <param id="1" name="Y">160</param>
                </action>
                <action id="-3" name="Set position" sid="693597258564046" type="Heroi2">
                    <param id="0" name="X">750</param>
                    <param id="1" name="Y">160</param>
                </action>
            </actions>
        </event-block>
        <event-group description="" sid="608180847423746" title="InimigoPatrulheiro2">
            <sub-events>
                <event-block sid="465100533389501">
                    <conditions>
                        <condition id="0" name="On collision with another object" sid="102834256970443" type="InimigoPatrulheiro">
                            <param id="0" name="Object">bolaFOGO</param>
                        </condition>
                        <condition id="2" name="Is playing" sid="443026577362595" type="InimigoPatrulheiro">
                            <param id="0" name="Animation">&quot;Default&quot;</param>
                        </condition>
                    </conditions>
                    <actions>
                        <action id="-9" name="Destroy" sid="685001584429316" type="InimigoPatrulheiro" />
                        <action id="-9" name="Destroy" sid="830211647325620" type="bolaFOGO" />
                    </actions>
                </event-block>
                <event-block sid="363609036139616">
                    <conditions>
                        <condition id="2" name="Is playing" sid="912659096374176" type="InimigoPatrulheiro">
                            <param id="0" name="Animation">&quot;Congelado&quot;</param>
                        </condition>
                    </conditions>
                    <actions>
                        <action behavior="Sine" id="0" name="Set active" sid="833840545854720" type="InimigoPatrulheiro">
                            <param id="0" name="State">0</param>
                        </action>
                    </actions>
                </event-block>
                <event-block sid="649320584805380">
                    <conditions>
                        <condition id="2" name="Is playing" sid="358192428300291" type="InimigoPatrulheiro">
                            <param id="0" name="Animation">&quot;Default&quot;</param>
                        </condition>
                    </conditions>
                    <actions>
                        <action behavior="Sine" id="0" name="Set active" sid="100996814203839" type="InimigoPatrulheiro">
                            <param id="0" name="State">1</param>
                        </action>
                    </actions>
                </event-block>
                <event-block sid="975892511210204">
                    <conditions>
                        <condition id="0" name="On collision with another object" sid="367124434473589" type="InimigoPatrulheiro">
                            <param id="0" name="Object">bolaGELO</param>
                        </condition>
                        <condition id="2" name="Is playing" sid="987506214319519" type="InimigoPatrulheiro">
                            <param id="0" name="Animation">&quot;Default&quot;</param>
                        </condition>
                    </conditions>
                    <actions>
                        <action id="4" name="Set animation" sid="159007263935775" type="InimigoPatrulheiro">
                            <param id="0" name="Animation">&quot;Congelado&quot;</param>
                            <param id="1" name="From">1</param>
                        </action>
                        <action id="-10" name="Set value" sid="930043198783192" type="InimigoPatrulheiro">
                            <param id="0" name="Instance variable">CongeladoTempo</param>
                            <param id="1" name="Value">30</param>
                        </action>
                        <action id="-9" name="Destroy" sid="238485249981176" type="bolaGELO" />
                    </actions>
                </event-block>
                <event-block sid="646696171491034">
                    <conditions>
                        <condition id="0" name="On collision with another object" sid="987945473501118" type="InimigoPatrulheiro">
                            <param id="0" name="Object">Heroi1</param>
                        </condition>
                        <condition id="-14" name="Compare variable" sid="243911316127440" type="System">
                            <param id="0" name="Variable">Controlando</param>
                            <param id="1" name="Comparison">0</param>
                            <param id="2" name="Value">&quot;Herói 1&quot;</param>
                        </condition>
                    </conditions>
                    <actions />
                </event-block>
                <event-block sid="218830611529075">
                    <conditions>
                        <condition id="0" name="On collision with another object" sid="762244416353524" type="InimigoPatrulheiro">
                            <param id="0" name="Object">Heroi2</param>
                        </condition>
                        <condition id="-14" name="Compare variable" sid="480723399861143" type="System">
                            <param id="0" name="Variable">Controlando</param>
                            <param id="1" name="Comparison">0</param>
                            <param id="2" name="Value">&quot;Herói 2&quot;</param>
                        </condition>
                    </conditions>
                    <actions />
                </event-block>
                <event-block sid="798527268118924">
                    <conditions>
                        <condition id="2" name="Is playing" sid="213900240567812" type="InimigoPatrulheiro">
                            <param id="0" name="Animation">&quot;Congelado&quot;</param>
                        </condition>
                        <condition id="-6" name="Every X seconds" sid="812236837664255" type="System">
                            <param id="0" name="Interval (seconds)">1.0</param>
                        </condition>
                    </conditions>
                    <actions>
                        <action id="-12" name="Subtract from" sid="570744859611836" type="InimigoPatrulheiro">
                            <param id="0" name="Instance variable">CongeladoTempo</param>
                            <param id="1" name="Value">1</param>
                        </action>
                    </actions>
                </event-block>
                <event-block sid="438214703372089">
                    <conditions>
                        <condition id="0" name="On collision with another object" sid="459168825533053" type="InimigoPatrulheiro">
                            <param id="0" name="Object">Heroi1</param>
                        </condition>
                        <condition id="-14" name="Compare variable" sid="259589451772633" type="System">
                            <param id="0" name="Variable">Controlando</param>
                            <param id="1" name="Comparison">0</param>
                            <param id="2" name="Value">&quot;Herói 1&quot;</param>
                        </condition>
                    </conditions>
                    <actions>
                        <action id="-9" name="Destroy" sid="177344689748733" type="Heroi1" />
                        <action id="-2" name="Go to layout" sid="485734754446236" type="System">
                            <param id="0" name="Layout">Layout game over</param>
                        </action>
                    </actions>
                </event-block>
                <event-block sid="292284699706981">
                    <conditions>
                        <condition id="-7" name="Compare instance variable" sid="413033481625629" type="InimigoPatrulheiro">
                            <param id="0" name="Instance variable">CongeladoTempo</param>
                            <param id="1" name="Comparison">0</param>
                            <param id="2" name="Value">0</param>
                        </condition>
                    </conditions>
                    <actions>
                        <action id="4" name="Set animation" sid="446830060054856" type="InimigoPatrulheiro">
                            <param id="0" name="Animation">&quot;Default&quot;</param>
                            <param id="1" name="From">1</param>
                        </action>
                    </actions>
                </event-block>
                <event-block sid="202351409437274">
                    <conditions>
                        <condition id="0" name="On collision with another object" sid="272096403886182" type="InimigoPatrulheiro">
                            <param id="0" name="Object">bolaFOGO</param>
                        </condition>
                        <condition id="2" name="Is playing" sid="890492888161918" type="InimigoPatrulheiro">
                            <param id="0" name="Animation">&quot;Congelado&quot;</param>
                        </condition>
                    </conditions>
                    <actions>
                        <action id="4" name="Set animation" sid="179650347834830" type="InimigoPatrulheiro">
                            <param id="0" name="Animation">&quot;Default&quot;</param>
                            <param id="1" name="From">1</param>
                        </action>
                        <action id="-9" name="Destroy" sid="687246443077412" type="bolaFOGO" />
                    </actions>
                </event-block>
                <event-block sid="694276268539141">
                    <conditions>
                        <condition id="2" name="Is playing" sid="432078140889038" type="InimigoPatrulheiro">
                            <param id="0" name="Animation">&quot;Congelado&quot;</param>
                        </condition>
                        <condition id="1" name="Is overlapping another object" sid="494236773712487" type="InimigoPatrulheiro">
                            <param id="0" name="Object">pisoGelo</param>
                        </condition>
                    </conditions>
                    <actions>
                        <action id="-10" name="Add to" sid="628237426511005" type="System">
                            <param id="0" name="Variable">ParedaoVariavel</param>
                            <param id="1" name="Value">1</param>
                        </action>
                    </actions>
                </event-block>
                <event-block sid="790369785667640">
                    <conditions>
                        <condition id="0" name="On collision with another object" sid="500972775178211" type="InimigoPatrulheiro">
                            <param id="0" name="Object">Heroi2</param>
                        </condition>
                        <condition id="-14" name="Compare variable" sid="487137296137811" type="System">
                            <param id="0" name="Variable">Controlando</param>
                            <param id="1" name="Comparison">0</param>
                            <param id="2" name="Value">&quot;Herói 2&quot;</param>
                        </condition>
                    </conditions>
                    <actions>
                        <action id="-9" name="Destroy" sid="722128505902045" type="Heroi2" />
                        <action id="-2" name="Go to layout" sid="152888850229229" type="System">
                            <param id="0" name="Layout">Layout game over</param>
                        </action>
                    </actions>
                </event-block>
                <event-block sid="632418194351390">
                    <conditions>
                        <condition id="-2" name="On start of layout" sid="745916033334538" type="System" />
                    </conditions>
                    <actions>
                        <action id="-9" name="Set value" sid="670919891371767" type="System">
                            <param id="0" name="Variable">ParedaoVariavel</param>
                            <param id="1" name="Value">0</param>
                        </action>
                        <action id="4" name="Set animation" sid="673721588632054" type="InimigoPatrulheiro">
                            <param id="0" name="Animation">&quot;Default&quot;</param>
                            <param id="1" name="From">1</param>
                        </action>
                        <action behavior="Sine" id="0" name="Set active" sid="402360264715689" type="InimigoPatrulheiro">
                            <param id="0" name="State">1</param>
                        </action>
                    </actions>
                </event-block>
                <event-block sid="611558094283717">
                    <conditions>
                        <condition id="4" name="On finished" sid="237526471028997" type="InimigoPatrulheiro">
                            <param id="0" name="Animation">&quot;Default&quot;</param>
                        </condition>
                    </conditions>
                    <actions>
                        <action id="4" name="Set animation" sid="744335339359377" type="InimigoPatrulheiro">
                            <param id="0" name="Animation">&quot;Default&quot;</param>
                            <param id="1" name="From">1</param>
                        </action>
                    </actions>
                </event-block>
            </sub-events>
        </event-group>
        <event-group description="" sid="263239511877634" title="Movimentos3">
            <sub-events>
                <event-block sid="517131436556647">
                    <conditions>
                        <condition id="0" name="On collision with another object" sid="631285664284937" type="Heroi2">
                            <param id="0" name="Object">Porta</param>
                        </condition>
                        <condition behavior="Pin" id="0" name="Is pinned" sid="879377962778098" type="Chave" />
                    </conditions>
                    <actions>
                        <action id="-9" name="Destroy" sid="580577998518927" type="Chave" />
                        <action id="4" name="Set animation" sid="464968114656781" type="Porta">
                            <param id="0" name="Animation">&quot;Open&quot;</param>
                            <param id="1" name="From">1</param>
                        </action>
                    </actions>
                </event-block>
                <event-block sid="415094856862263">
                    <conditions>
                        <condition id="0" name="On collision with another object" sid="105009281748642" type="Heroi2">
                            <param id="0" name="Object">Chave</param>
                        </condition>
                    </conditions>
                    <actions>
                        <action behavior="Pin" id="0" name="Pin to object" sid="771262623762453" type="Chave">
                            <param id="0" name="Pin to">Heroi2</param>
                            <param id="1" name="Mode">0</param>
                        </action>
                        <action behavior="Solid" id="0" name="Set enabled" sid="421775861312957" type="Chave">
                            <param id="0" name="State">0</param>
                        </action>
                        <action id="-10" name="Add to" sid="551125533197271" type="System">
                            <param id="0" name="Variable">Chariavel</param>
                            <param id="1" name="Value">1</param>
                        </action>
                    </actions>
                </event-block>
                <event-block sid="239395627210243">
                    <conditions>
                        <condition id="0" name="On collision with another object" sid="983038459604208" type="Heroi1">
                            <param id="0" name="Object">Porta</param>
                        </condition>
                        <condition behavior="Pin" id="0" name="Is pinned" sid="350256840547209" type="Chave" />
                    </conditions>
                    <actions>
                        <action id="-9" name="Destroy" sid="240532166884230" type="Chave" />
                        <action id="4" name="Set animation" sid="525826528638006" type="Porta">
                            <param id="0" name="Animation">&quot;Open&quot;</param>
                            <param id="1" name="From">1</param>
                        </action>
                    </actions>
                </event-block>
                <event-block sid="368401719512217">
                    <conditions>
                        <condition id="0" name="On collision with another object" sid="105269511276917" type="Heroi1">
                            <param id="0" name="Object">Chave</param>
                        </condition>
                    </conditions>
                    <actions>
                        <action behavior="Pin" id="0" name="Pin to object" sid="451370110264246" type="Chave">
                            <param id="0" name="Pin to">Heroi1</param>
                            <param id="1" name="Mode">0</param>
                        </action>
                        <action behavior="Solid" id="0" name="Set enabled" sid="993820827507334" type="Chave">
                            <param id="0" name="State">0</param>
                        </action>
                        <action id="-10" name="Add to" sid="178310602339656" type="System">
                            <param id="0" name="Variable">Chariavel</param>
                            <param id="1" name="Value">1</param>
                        </action>
                    </actions>
                </event-block>
                <event-block sid="103586262892037">
                    <conditions>
                        <condition id="-14" name="Compare variable" sid="309645932786714" type="System">
                            <param id="0" name="Variable">Controlando</param>
                            <param id="1" name="Comparison">0</param>
                            <param id="2" name="Value">&quot;Herói 1&quot;</param>
                        </condition>
                    </conditions>
                    <actions>
                        <action behavior="MoveTo" id="0" name="Set enabled" sid="208765247105655" type="Heroi1">
                            <param id="0" name="State">0</param>
                        </action>
                        <action behavior="ScrollTo" id="1" name="Set enabled" sid="638394203447938" type="Heroi1">
                            <param id="0" name="State">1</param>
                        </action>
                        <action behavior="8Direction" id="8" name="Set enabled" sid="708376822920459" type="Heroi1">
                            <param id="0" name="State">1</param>
                        </action>
                        <action behavior="MoveTo" id="0" name="Set enabled" sid="372862354475343" type="Heroi2">
                            <param id="0" name="State">1</param>
                        </action>
                        <action behavior="ScrollTo" id="1" name="Set enabled" sid="940681428232411" type="Heroi2">
                            <param id="0" name="State">0</param>
                        </action>
                        <action behavior="8Direction" id="8" name="Set enabled" sid="850121410693825" type="Heroi2">
                            <param id="0" name="State">0</param>
                        </action>
                    </actions>
                </event-block>
                <event-block sid="752215629962846">
                    <conditions>
                        <condition id="-14" name="Compare variable" sid="936467381060147" type="System">
                            <param id="0" name="Variable">Controlando</param>
                            <param id="1" name="Comparison">0</param>
                            <param id="2" name="Value">&quot;Herói 2&quot;</param>
                        </condition>
                    </conditions>
                    <actions>
                        <action behavior="MoveTo" id="0" name="Set enabled" sid="277284647544086" type="Heroi1">
                            <param id="0" name="State">1</param>
                        </action>
                        <action behavior="ScrollTo" id="1" name="Set enabled" sid="710083074635271" type="Heroi1">
                            <param id="0" name="State">0</param>
                        </action>
                        <action behavior="8Direction" id="8" name="Set enabled" sid="646227185632690" type="Heroi1">
                            <param id="0" name="State">0</param>
                        </action>
                        <action behavior="MoveTo" id="0" name="Set enabled" sid="922601349147066" type="Heroi2">
                            <param id="0" name="State">0</param>
                        </action>
                        <action behavior="ScrollTo" id="1" name="Set enabled" sid="450614593134805" type="Heroi2">
                            <param id="0" name="State">1</param>
                        </action>
                        <action behavior="8Direction" id="8" name="Set enabled" sid="856087188433360" type="Heroi2">
                            <param id="0" name="State">1</param>
                        </action>
                    </actions>
                </event-block>
                <event-block sid="305772562604924">
                    <conditions>
                        <condition id="3" name="On key released" sid="195866235494813" type="Keyboard">
                            <param id="0" name="Key">32</param>
                        </condition>
                    </conditions>
                    <actions />
                    <sub-events>
                        <event-block sid="499281543340205">
                            <conditions>
                                <condition id="-14" name="Compare variable" sid="286762647806346" type="System">
                                    <param id="0" name="Variable">Controlando</param>
                                    <param id="1" name="Comparison">0</param>
                                    <param id="2" name="Value">&quot;Herói 1&quot;</param>
                                </condition>
                            </conditions>
                            <actions>
                                <action id="-9" name="Set value" sid="528479971502081" type="System">
                                    <param id="0" name="Variable">Controlando</param>
                                    <param id="1" name="Value">&quot;Herói 2&quot;</param>
                                </action>
                            </actions>
                        </event-block>
                        <event-block sid="103329678009985">
                            <conditions>
                                <condition id="-22" name="Else" sid="816993806280610" type="System" />
                            </conditions>
                            <actions>
                                <action id="-9" name="Set value" sid="456491314473129" type="System">
                                    <param id="0" name="Variable">Controlando</param>
                                    <param id="1" name="Value">&quot;Herói 1&quot;</param>
                                </action>
                            </actions>
                        </event-block>
                    </sub-events>
                </event-block>
                <event-block sid="589109772258716">
                    <conditions>
                        <condition id="-14" name="Compare variable" sid="149855100549650" type="System">
                            <param id="0" name="Variable">Controlando</param>
                            <param id="1" name="Comparison">0</param>
                            <param id="2" name="Value">&quot;Herói 1&quot;</param>
                        </condition>
                        <condition behavior="8Direction" id="0" name="Is moving" sid="376403076206855" type="Heroi1" />
                        <condition id="-8" inverted="1" name="Is boolean instance variable set" sid="645058903570413" type="Heroi2">
                            <param id="0" name="Instance variable">Parado2</param>
                        </condition>
                    </conditions>
                    <actions>
                        <action behavior="MoveTo" id="6" name="Move to object" sid="560821397912896" type="Heroi2">
                            <param id="0" name="Target">Heroi1</param>
                        </action>
                        <action id="-8" name="Set angle" sid="551422063194019" type="Heroi2">
                            <param id="0" name="Angle">Heroi1.Angle</param>
                        </action>
                    </actions>
                </event-block>
                <event-block sid="630254220814661">
                    <conditions>
                        <condition id="-14" name="Compare variable" sid="562987121370305" type="System">
                            <param id="0" name="Variable">Controlando</param>
                            <param id="1" name="Comparison">0</param>
                            <param id="2" name="Value">&quot;Herói 2&quot;</param>
                        </condition>
                        <condition behavior="8Direction" id="0" name="Is moving" sid="942113600774077" type="Heroi2" />
                        <condition id="-8" inverted="1" name="Is boolean instance variable set" sid="465072259475911" type="Heroi1">
                            <param id="0" name="Instance variable">Parado1</param>
                        </condition>
                    </conditions>
                    <actions>
                        <action behavior="MoveTo" id="6" name="Move to object" sid="832827673869533" type="Heroi1">
                            <param id="0" name="Target">Heroi2</param>
                        </action>
                        <action id="-8" name="Set angle" sid="931650090520197" type="Heroi1">
                            <param id="0" name="Angle">Heroi2.Angle</param>
                        </action>
                    </actions>
                </event-block>
                <event-block sid="480596171041200">
                    <conditions>
                        <condition id="3" name="On key released" sid="926575395136560" type="Keyboard">
                            <param id="0" name="Key">90</param>
                        </condition>
                        <condition id="-14" name="Compare variable" sid="296506115795703" type="System">
                            <param id="0" name="Variable">Controlando</param>
                            <param id="1" name="Comparison">0</param>
                            <param id="2" name="Value">&quot;Herói 1&quot;</param>
                        </condition>
                    </conditions>
                    <actions>
                        <action id="0" name="Spawn another object" sid="758502188368544" type="Heroi1">
                            <param id="0" name="Object">bolaFOGO</param>
                            <param id="1" name="Layer">0</param>
                            <param id="2" name="Image point">0</param>
                        </action>
                    </actions>
                </event-block>
                <event-block sid="918428820997216">
                    <conditions>
                        <condition id="3" name="On key released" sid="343845984092187" type="Keyboard">
                            <param id="0" name="Key">90</param>
                        </condition>
                        <condition id="-14" name="Compare variable" sid="247084586131444" type="System">
                            <param id="0" name="Variable">Controlando</param>
                            <param id="1" name="Comparison">0</param>
                            <param id="2" name="Value">&quot;Herói 2&quot;</param>
                        </condition>
                    </conditions>
                    <actions>
                        <action id="0" name="Spawn another object" sid="332992239040683" type="Heroi2">
                            <param id="0" name="Object">bolaGELO</param>
                            <param id="1" name="Layer">0</param>
                            <param id="2" name="Image point">0</param>
                        </action>
                    </actions>
                </event-block>
                <event-block sid="859702283226736">
                    <conditions>
                        <condition id="3" name="On key released" sid="236723442299636" type="Keyboard">
                            <param id="0" name="Key">88</param>
                        </condition>
                        <condition id="-14" name="Compare variable" sid="996611321368305" type="System">
                            <param id="0" name="Variable">Controlando</param>
                            <param id="1" name="Comparison">0</param>
                            <param id="2" name="Value">&quot;Herói 2&quot;</param>
                        </condition>
                    </conditions>
                    <actions />
                    <sub-events>
                        <event-block sid="763475526297821">
                            <conditions>
                                <condition id="-8" inverted="1" name="Is boolean instance variable set" sid="151378047243957" type="Heroi1">
                                    <param id="0" name="Instance variable">Parado1</param>
                                </condition>
                            </conditions>
                            <actions>
                                <action id="-13" name="Set boolean" sid="182815621056872" type="Heroi1">
                                    <param id="0" name="Instance variable">Parado1</param>
                                    <param id="1" name="Value">1</param>
                                </action>
                            </actions>
                        </event-block>
                        <event-block sid="155362357720672">
                            <conditions>
                                <condition id="-22" name="Else" sid="556254781134055" type="System" />
                            </conditions>
                            <actions>
                                <action id="-13" name="Set boolean" sid="292399110190673" type="Heroi1">
                                    <param id="0" name="Instance variable">Parado1</param>
                                    <param id="1" name="Value">0</param>
                                </action>
                            </actions>
                        </event-block>
                    </sub-events>
                </event-block>
                <event-block sid="187981671099626">
                    <conditions>
                        <condition id="3" name="On key released" sid="221470839744694" type="Keyboard">
                            <param id="0" name="Key">88</param>
                        </condition>
                        <condition id="-14" name="Compare variable" sid="727420929613477" type="System">
                            <param id="0" name="Variable">Controlando</param>
                            <param id="1" name="Comparison">0</param>
                            <param id="2" name="Value">&quot;Herói 1&quot;</param>
                        </condition>
                    </conditions>
                    <actions />
                    <sub-events>
                        <event-block sid="657885402146952">
                            <conditions>
                                <condition id="-8" inverted="1" name="Is boolean instance variable set" sid="428489538016450" type="Heroi2">
                                    <param id="0" name="Instance variable">Parado2</param>
                                </condition>
                            </conditions>
                            <actions>
                                <action id="-13" name="Set boolean" sid="751523539873941" type="Heroi2">
                                    <param id="0" name="Instance variable">Parado2</param>
                                    <param id="1" name="Value">1</param>
                                </action>
                            </actions>
                        </event-block>
                        <event-block sid="918679013817518">
                            <conditions>
                                <condition id="-22" name="Else" sid="209002300851500" type="System" />
                            </conditions>
                            <actions>
                                <action id="-13" name="Set boolean" sid="817251567655856" type="Heroi2">
                                    <param id="0" name="Instance variable">Parado2</param>
                                    <param id="1" name="Value">0</param>
                                </action>
                            </actions>
                        </event-block>
                    </sub-events>
                </event-block>
            </sub-events>
        </event-group>
        <event-block sid="545187742478999">
            <conditions>
                <condition id="0" name="On collision with another object" sid="169048625908009" type="Heroi1">
                    <param id="0" name="Object">portaMenor</param>
                </condition>
                <condition id="-14" name="Compare variable" sid="598188410450182" type="System">
                    <param id="0" name="Variable">Controlando</param>
                    <param id="1" name="Comparison">0</param>
                    <param id="2" name="Value">&quot;Herói 1&quot;</param>
                </condition>
            </conditions>
            <actions>
                <action id="-2" name="Go to layout" sid="796914634938401" type="System">
                    <param id="0" name="Layout">Fase1Parte2</param>
                </action>
                <action id="-9" name="Set value" sid="155912728885384" type="System">
                    <param id="0" name="Variable">PortaUsada</param>
                    <param id="1" name="Value">&quot;PortaAcima&quot;</param>
                </action>
            </actions>
        </event-block>
        <event-block sid="663947708725315">
            <conditions>
                <condition id="-19" name="On destroyed" sid="259684753890515" type="InimigoPatrulheiro" />
            </conditions>
            <actions>
                <action id="-9" name="Destroy" sid="811511841966137" type="barreirinha" />
            </actions>
        </event-block>
        <event-block sid="327393966647466">
            <conditions>
                <condition id="0" name="On collision with another object" sid="593539003514791" type="Heroi2">
                    <param id="0" name="Object">portaMenor</param>
                </condition>
                <condition id="-14" name="Compare variable" sid="192526320967592" type="System">
                    <param id="0" name="Variable">Controlando</param>
                    <param id="1" name="Comparison">0</param>
                    <param id="2" name="Value">&quot;Herói 2&quot;</param>
                </condition>
            </conditions>
            <actions>
                <action id="-2" name="Go to layout" sid="451744765873903" type="System">
                    <param id="0" name="Layout">Fase1Parte2</param>
                </action>
            </actions>
        </event-block>
    </events>
</c2eventsheet>
