﻿<?xml version="1.0" encoding="utf-8" ?>
<c2eventsheet>
    <!--All the 'name' attributes are ignored by Construct 2 - they are there for readability only.-->
    <name>Event sheetítulo</name>
    <events>
        <event-block sid="872851198999682">
            <conditions>
                <condition id="0" name="On clicked" sid="558622905147137" type="Button" />
                <condition id="-2" name="Compare Y" sid="646925204257954" type="Button">
                    <param id="0" name="Comparison">0</param>
                    <param id="1" name="Y co-ordinate">500</param>
                </condition>
            </conditions>
            <actions>
                <action id="-2" name="Go to layout" sid="964675874210940" type="System">
                    <param id="0" name="Layout">Fase1Parte1</param>
                </action>
            </actions>
        </event-block>
        <event-block sid="408415260856595">
            <conditions>
                <condition id="0" name="On clicked" sid="325366810794864" type="Button" />
                <condition id="-2" name="Compare Y" sid="251963170000720" type="Button">
                    <param id="0" name="Comparison">0</param>
                    <param id="1" name="Y co-ordinate">600</param>
                </condition>
            </conditions>
            <actions>
                <action id="-2" name="Go to layout" sid="582695674460045" type="System">
                    <param id="0" name="Layout">Layout Sobre</param>
                </action>
            </actions>
        </event-block>
    </events>
</c2eventsheet>
