﻿<?xml version="1.0" encoding="utf-8" ?>
<c2eventsheet>
    <!--All the 'name' attributes are ignored by Construct 2 - they are there for readability only.-->
    <name>Event sheet Fase1Parte2</name>
    <events>
        <variable constant="0" name="ParedaoVariavel" sid="708704325124246" static="0" type="number">0</variable>
        <event-group description="" sid="836222437134013" title="Movimentos2">
            <sub-events>
                <event-block sid="485895790681500">
                    <conditions>
                        <condition id="0" name="On collision with another object" sid="455943634544653" type="Heroi2">
                            <param id="0" name="Object">Porta</param>
                        </condition>
                        <condition behavior="Pin" id="0" name="Is pinned" sid="294757357398774" type="Chave" />
                    </conditions>
                    <actions>
                        <action id="-9" name="Destroy" sid="583343790725575" type="Chave" />
                        <action id="4" name="Set animation" sid="797267030569652" type="Porta">
                            <param id="0" name="Animation">&quot;Open&quot;</param>
                            <param id="1" name="From">1</param>
                        </action>
                    </actions>
                </event-block>
                <event-block sid="237752928925254">
                    <conditions>
                        <condition id="0" name="On collision with another object" sid="569274049181568" type="Heroi2">
                            <param id="0" name="Object">Chave</param>
                        </condition>
                    </conditions>
                    <actions>
                        <action behavior="Pin" id="0" name="Pin to object" sid="475319055645783" type="Chave">
                            <param id="0" name="Pin to">Heroi2</param>
                            <param id="1" name="Mode">0</param>
                        </action>
                        <action behavior="Solid" id="0" name="Set enabled" sid="588396158633474" type="Chave">
                            <param id="0" name="State">0</param>
                        </action>
                    </actions>
                </event-block>
                <event-block sid="604930415096141">
                    <conditions>
                        <condition id="0" name="On collision with another object" sid="650691959652129" type="Heroi1">
                            <param id="0" name="Object">Porta</param>
                        </condition>
                        <condition behavior="Pin" id="0" name="Is pinned" sid="665726958800280" type="Chave" />
                    </conditions>
                    <actions>
                        <action id="-9" name="Destroy" sid="716259606069898" type="Chave" />
                        <action id="4" name="Set animation" sid="244485663515601" type="Porta">
                            <param id="0" name="Animation">&quot;Open&quot;</param>
                            <param id="1" name="From">1</param>
                        </action>
                    </actions>
                </event-block>
                <event-block sid="550269346574908">
                    <conditions>
                        <condition id="0" name="On collision with another object" sid="498212259156105" type="Heroi1">
                            <param id="0" name="Object">Chave</param>
                        </condition>
                    </conditions>
                    <actions>
                        <action behavior="Pin" id="0" name="Pin to object" sid="348165061878163" type="Chave">
                            <param id="0" name="Pin to">Heroi1</param>
                            <param id="1" name="Mode">0</param>
                        </action>
                        <action behavior="Solid" id="0" name="Set enabled" sid="739707778407901" type="Chave">
                            <param id="0" name="State">0</param>
                        </action>
                    </actions>
                </event-block>
                <event-block sid="906767919384600">
                    <conditions>
                        <condition id="-14" name="Compare variable" sid="653745128898333" type="System">
                            <param id="0" name="Variable">Controlando</param>
                            <param id="1" name="Comparison">0</param>
                            <param id="2" name="Value">&quot;Herói 1&quot;</param>
                        </condition>
                    </conditions>
                    <actions>
                        <action behavior="MoveTo" id="0" name="Set enabled" sid="416955363212118" type="Heroi1">
                            <param id="0" name="State">0</param>
                        </action>
                        <action behavior="ScrollTo" id="1" name="Set enabled" sid="531146875320132" type="Heroi1">
                            <param id="0" name="State">1</param>
                        </action>
                        <action behavior="8Direction" id="8" name="Set enabled" sid="199882339864913" type="Heroi1">
                            <param id="0" name="State">1</param>
                        </action>
                        <action behavior="MoveTo" id="0" name="Set enabled" sid="356617175182309" type="Heroi2">
                            <param id="0" name="State">1</param>
                        </action>
                        <action behavior="ScrollTo" id="1" name="Set enabled" sid="741593273328762" type="Heroi2">
                            <param id="0" name="State">0</param>
                        </action>
                        <action behavior="8Direction" id="8" name="Set enabled" sid="169335477480009" type="Heroi2">
                            <param id="0" name="State">0</param>
                        </action>
                    </actions>
                </event-block>
                <event-block sid="137566149897093">
                    <conditions>
                        <condition id="-14" name="Compare variable" sid="851127764190475" type="System">
                            <param id="0" name="Variable">Controlando</param>
                            <param id="1" name="Comparison">0</param>
                            <param id="2" name="Value">&quot;Herói 2&quot;</param>
                        </condition>
                    </conditions>
                    <actions>
                        <action behavior="MoveTo" id="0" name="Set enabled" sid="252135041164693" type="Heroi1">
                            <param id="0" name="State">1</param>
                        </action>
                        <action behavior="ScrollTo" id="1" name="Set enabled" sid="849666993644574" type="Heroi1">
                            <param id="0" name="State">0</param>
                        </action>
                        <action behavior="8Direction" id="8" name="Set enabled" sid="911709343305575" type="Heroi1">
                            <param id="0" name="State">0</param>
                        </action>
                        <action behavior="MoveTo" id="0" name="Set enabled" sid="827364338554361" type="Heroi2">
                            <param id="0" name="State">0</param>
                        </action>
                        <action behavior="ScrollTo" id="1" name="Set enabled" sid="106747415317777" type="Heroi2">
                            <param id="0" name="State">1</param>
                        </action>
                        <action behavior="8Direction" id="8" name="Set enabled" sid="996360582934384" type="Heroi2">
                            <param id="0" name="State">1</param>
                        </action>
                    </actions>
                </event-block>
                <event-block sid="145225075733156">
                    <conditions>
                        <condition id="3" name="On key released" sid="946915149681059" type="Keyboard">
                            <param id="0" name="Key">32</param>
                        </condition>
                    </conditions>
                    <actions />
                    <sub-events>
                        <event-block sid="444280293452976">
                            <conditions>
                                <condition id="-14" name="Compare variable" sid="637507917416958" type="System">
                                    <param id="0" name="Variable">Controlando</param>
                                    <param id="1" name="Comparison">0</param>
                                    <param id="2" name="Value">&quot;Herói 1&quot;</param>
                                </condition>
                            </conditions>
                            <actions>
                                <action id="-9" name="Set value" sid="349304551821440" type="System">
                                    <param id="0" name="Variable">Controlando</param>
                                    <param id="1" name="Value">&quot;Herói 2&quot;</param>
                                </action>
                            </actions>
                        </event-block>
                        <event-block sid="889275036794728">
                            <conditions>
                                <condition id="-22" name="Else" sid="376958337316811" type="System" />
                            </conditions>
                            <actions>
                                <action id="-9" name="Set value" sid="870442734203427" type="System">
                                    <param id="0" name="Variable">Controlando</param>
                                    <param id="1" name="Value">&quot;Herói 1&quot;</param>
                                </action>
                            </actions>
                        </event-block>
                    </sub-events>
                </event-block>
                <event-block sid="446841020515232">
                    <conditions>
                        <condition id="-14" name="Compare variable" sid="243595184579835" type="System">
                            <param id="0" name="Variable">Controlando</param>
                            <param id="1" name="Comparison">0</param>
                            <param id="2" name="Value">&quot;Herói 1&quot;</param>
                        </condition>
                        <condition behavior="8Direction" id="0" name="Is moving" sid="472149962483482" type="Heroi1" />
                        <condition id="-8" inverted="1" name="Is boolean instance variable set" sid="708733011915063" type="Heroi2">
                            <param id="0" name="Instance variable">Parado2</param>
                        </condition>
                    </conditions>
                    <actions>
                        <action behavior="MoveTo" id="6" name="Move to object" sid="328008424452812" type="Heroi2">
                            <param id="0" name="Target">Heroi1</param>
                        </action>
                        <action id="-8" name="Set angle" sid="190472328854959" type="Heroi2">
                            <param id="0" name="Angle">Heroi1.Angle</param>
                        </action>
                    </actions>
                </event-block>
                <event-block sid="852121933042667">
                    <conditions>
                        <condition id="-14" name="Compare variable" sid="531098352247398" type="System">
                            <param id="0" name="Variable">Controlando</param>
                            <param id="1" name="Comparison">0</param>
                            <param id="2" name="Value">&quot;Herói 2&quot;</param>
                        </condition>
                        <condition behavior="8Direction" id="0" name="Is moving" sid="339012025785267" type="Heroi2" />
                        <condition id="-8" inverted="1" name="Is boolean instance variable set" sid="309636001291738" type="Heroi1">
                            <param id="0" name="Instance variable">Parado1</param>
                        </condition>
                    </conditions>
                    <actions>
                        <action behavior="MoveTo" id="6" name="Move to object" sid="157340521411158" type="Heroi1">
                            <param id="0" name="Target">Heroi2</param>
                        </action>
                        <action id="-8" name="Set angle" sid="233696527174015" type="Heroi1">
                            <param id="0" name="Angle">Heroi2.Angle</param>
                        </action>
                    </actions>
                </event-block>
                <event-block sid="309422320781029">
                    <conditions>
                        <condition id="3" name="On key released" sid="395827702920033" type="Keyboard">
                            <param id="0" name="Key">90</param>
                        </condition>
                        <condition id="-14" name="Compare variable" sid="727982173546797" type="System">
                            <param id="0" name="Variable">Controlando</param>
                            <param id="1" name="Comparison">0</param>
                            <param id="2" name="Value">&quot;Herói 1&quot;</param>
                        </condition>
                    </conditions>
                    <actions>
                        <action id="0" name="Spawn another object" sid="287162777253913" type="Heroi1">
                            <param id="0" name="Object">bolaFOGO</param>
                            <param id="1" name="Layer">0</param>
                            <param id="2" name="Image point">0</param>
                        </action>
                    </actions>
                </event-block>
                <event-block sid="727174000799581">
                    <conditions>
                        <condition id="3" name="On key released" sid="579703648177247" type="Keyboard">
                            <param id="0" name="Key">90</param>
                        </condition>
                        <condition id="-14" name="Compare variable" sid="852815488124989" type="System">
                            <param id="0" name="Variable">Controlando</param>
                            <param id="1" name="Comparison">0</param>
                            <param id="2" name="Value">&quot;Herói 2&quot;</param>
                        </condition>
                    </conditions>
                    <actions>
                        <action id="0" name="Spawn another object" sid="927386509520679" type="Heroi2">
                            <param id="0" name="Object">bolaGELO</param>
                            <param id="1" name="Layer">0</param>
                            <param id="2" name="Image point">0</param>
                        </action>
                    </actions>
                </event-block>
                <event-block sid="692984441780733">
                    <conditions>
                        <condition id="3" name="On key released" sid="572164586601842" type="Keyboard">
                            <param id="0" name="Key">88</param>
                        </condition>
                        <condition id="-14" name="Compare variable" sid="481243368543436" type="System">
                            <param id="0" name="Variable">Controlando</param>
                            <param id="1" name="Comparison">0</param>
                            <param id="2" name="Value">&quot;Herói 2&quot;</param>
                        </condition>
                    </conditions>
                    <actions />
                    <sub-events>
                        <event-block sid="106955943065351">
                            <conditions>
                                <condition id="-8" inverted="1" name="Is boolean instance variable set" sid="183112520241995" type="Heroi1">
                                    <param id="0" name="Instance variable">Parado1</param>
                                </condition>
                            </conditions>
                            <actions>
                                <action id="-13" name="Set boolean" sid="691395676085585" type="Heroi1">
                                    <param id="0" name="Instance variable">Parado1</param>
                                    <param id="1" name="Value">1</param>
                                </action>
                            </actions>
                        </event-block>
                        <event-block sid="625360209974784">
                            <conditions>
                                <condition id="-22" name="Else" sid="500750402971001" type="System" />
                            </conditions>
                            <actions>
                                <action id="-13" name="Set boolean" sid="914365977205589" type="Heroi1">
                                    <param id="0" name="Instance variable">Parado1</param>
                                    <param id="1" name="Value">0</param>
                                </action>
                            </actions>
                        </event-block>
                    </sub-events>
                </event-block>
                <event-block sid="406712356800378">
                    <conditions>
                        <condition id="3" name="On key released" sid="765737508037592" type="Keyboard">
                            <param id="0" name="Key">88</param>
                        </condition>
                        <condition id="-14" name="Compare variable" sid="270875125357590" type="System">
                            <param id="0" name="Variable">Controlando</param>
                            <param id="1" name="Comparison">0</param>
                            <param id="2" name="Value">&quot;Herói 1&quot;</param>
                        </condition>
                    </conditions>
                    <actions />
                    <sub-events>
                        <event-block sid="129650863609814">
                            <conditions>
                                <condition id="-8" inverted="1" name="Is boolean instance variable set" sid="809029525975429" type="Heroi2">
                                    <param id="0" name="Instance variable">Parado2</param>
                                </condition>
                            </conditions>
                            <actions>
                                <action id="-13" name="Set boolean" sid="191093282828183" type="Heroi2">
                                    <param id="0" name="Instance variable">Parado2</param>
                                    <param id="1" name="Value">1</param>
                                </action>
                            </actions>
                        </event-block>
                        <event-block sid="214517874026480">
                            <conditions>
                                <condition id="-22" name="Else" sid="435976199331736" type="System" />
                            </conditions>
                            <actions>
                                <action id="-13" name="Set boolean" sid="948611329999158" type="Heroi2">
                                    <param id="0" name="Instance variable">Parado2</param>
                                    <param id="1" name="Value">0</param>
                                </action>
                            </actions>
                        </event-block>
                    </sub-events>
                </event-block>
            </sub-events>
        </event-group>
        <event-group description="" sid="275897903800572" title="InimigoPatrulheiro3">
            <sub-events>
                <event-block sid="415931838331623">
                    <conditions>
                        <condition id="4" name="On finished" sid="552260128686678" type="InimigoPatrulheiro">
                            <param id="0" name="Animation">&quot;Default&quot;</param>
                        </condition>
                    </conditions>
                    <actions>
                        <action id="4" name="Set animation" sid="187945735504748" type="InimigoPatrulheiro">
                            <param id="0" name="Animation">&quot;Default&quot;</param>
                            <param id="1" name="From">1</param>
                        </action>
                    </actions>
                </event-block>
                <event-block sid="140617100805957">
                    <conditions>
                        <condition id="0" name="On collision with another object" sid="815323595625484" type="InimigoPatrulheiro">
                            <param id="0" name="Object">bolaFOGO</param>
                        </condition>
                        <condition id="2" name="Is playing" sid="296944534656781" type="InimigoPatrulheiro">
                            <param id="0" name="Animation">&quot;Default&quot;</param>
                        </condition>
                    </conditions>
                    <actions>
                        <action id="-9" name="Destroy" sid="154616737232747" type="InimigoPatrulheiro" />
                        <action id="-9" name="Destroy" sid="991115556342103" type="bolaFOGO" />
                    </actions>
                </event-block>
                <event-block sid="608412821788155">
                    <conditions>
                        <condition id="2" name="Is playing" sid="785523068737899" type="InimigoPatrulheiro">
                            <param id="0" name="Animation">&quot;Congelado&quot;</param>
                        </condition>
                    </conditions>
                    <actions>
                        <action behavior="Sine" id="0" name="Set active" sid="628040691214242" type="InimigoPatrulheiro">
                            <param id="0" name="State">0</param>
                        </action>
                    </actions>
                </event-block>
                <event-block sid="742312006777105">
                    <conditions>
                        <condition id="2" name="Is playing" sid="457346387650826" type="InimigoPatrulheiro">
                            <param id="0" name="Animation">&quot;Default&quot;</param>
                        </condition>
                    </conditions>
                    <actions>
                        <action behavior="Sine" id="0" name="Set active" sid="667061573894327" type="InimigoPatrulheiro">
                            <param id="0" name="State">1</param>
                        </action>
                    </actions>
                </event-block>
                <event-block sid="571050908515270">
                    <conditions>
                        <condition id="0" name="On collision with another object" sid="958522869573040" type="InimigoPatrulheiro">
                            <param id="0" name="Object">bolaGELO</param>
                        </condition>
                        <condition id="2" name="Is playing" sid="272368216579114" type="InimigoPatrulheiro">
                            <param id="0" name="Animation">&quot;Default&quot;</param>
                        </condition>
                    </conditions>
                    <actions>
                        <action id="4" name="Set animation" sid="736775082376190" type="InimigoPatrulheiro">
                            <param id="0" name="Animation">&quot;Congelado&quot;</param>
                            <param id="1" name="From">1</param>
                        </action>
                        <action id="-10" name="Set value" sid="916426044762375" type="InimigoPatrulheiro">
                            <param id="0" name="Instance variable">CongeladoTempo</param>
                            <param id="1" name="Value">30</param>
                        </action>
                        <action id="-9" name="Destroy" sid="301785441332537" type="bolaGELO" />
                    </actions>
                </event-block>
                <event-block sid="366442096359240">
                    <conditions>
                        <condition id="0" name="On collision with another object" sid="737354290388570" type="InimigoPatrulheiro">
                            <param id="0" name="Object">Heroi1</param>
                        </condition>
                        <condition id="-14" name="Compare variable" sid="981781939603561" type="System">
                            <param id="0" name="Variable">Controlando</param>
                            <param id="1" name="Comparison">0</param>
                            <param id="2" name="Value">&quot;Herói 1&quot;</param>
                        </condition>
                    </conditions>
                    <actions />
                </event-block>
                <event-block sid="147574517252648">
                    <conditions>
                        <condition id="0" name="On collision with another object" sid="940538496406971" type="InimigoPatrulheiro">
                            <param id="0" name="Object">Heroi2</param>
                        </condition>
                        <condition id="-14" name="Compare variable" sid="547588649117733" type="System">
                            <param id="0" name="Variable">Controlando</param>
                            <param id="1" name="Comparison">0</param>
                            <param id="2" name="Value">&quot;Herói 2&quot;</param>
                        </condition>
                    </conditions>
                    <actions />
                </event-block>
                <event-block sid="384480600481057">
                    <conditions>
                        <condition id="2" name="Is playing" sid="766829011862761" type="InimigoPatrulheiro">
                            <param id="0" name="Animation">&quot;Congelado&quot;</param>
                        </condition>
                        <condition id="-6" name="Every X seconds" sid="554736880976304" type="System">
                            <param id="0" name="Interval (seconds)">1.0</param>
                        </condition>
                    </conditions>
                    <actions>
                        <action id="-12" name="Subtract from" sid="958750289800976" type="InimigoPatrulheiro">
                            <param id="0" name="Instance variable">CongeladoTempo</param>
                            <param id="1" name="Value">1</param>
                        </action>
                    </actions>
                </event-block>
                <event-block sid="834797895146504">
                    <conditions>
                        <condition id="-7" name="Compare instance variable" sid="568681716099072" type="InimigoPatrulheiro">
                            <param id="0" name="Instance variable">CongeladoTempo</param>
                            <param id="1" name="Comparison">0</param>
                            <param id="2" name="Value">0</param>
                        </condition>
                    </conditions>
                    <actions>
                        <action id="4" name="Set animation" sid="626576704663524" type="InimigoPatrulheiro">
                            <param id="0" name="Animation">&quot;Default&quot;</param>
                            <param id="1" name="From">1</param>
                        </action>
                    </actions>
                </event-block>
                <event-block sid="122728304581834">
                    <conditions>
                        <condition id="0" name="On collision with another object" sid="918369592238307" type="InimigoPatrulheiro">
                            <param id="0" name="Object">Heroi1</param>
                        </condition>
                        <condition id="-14" name="Compare variable" sid="686654978895748" type="System">
                            <param id="0" name="Variable">Controlando</param>
                            <param id="1" name="Comparison">0</param>
                            <param id="2" name="Value">&quot;Herói 1&quot;</param>
                        </condition>
                    </conditions>
                    <actions>
                        <action id="-9" name="Destroy" sid="142209822453384" type="Heroi1" />
                        <action id="-2" name="Go to layout" sid="969795390533814" type="System">
                            <param id="0" name="Layout">Layout game over</param>
                        </action>
                    </actions>
                </event-block>
                <event-block sid="235313671172628">
                    <conditions>
                        <condition id="0" name="On collision with another object" sid="562072584639231" type="InimigoPatrulheiro">
                            <param id="0" name="Object">Heroi2</param>
                        </condition>
                        <condition id="-14" name="Compare variable" sid="566664069428784" type="System">
                            <param id="0" name="Variable">Controlando</param>
                            <param id="1" name="Comparison">0</param>
                            <param id="2" name="Value">&quot;Herói 2&quot;</param>
                        </condition>
                    </conditions>
                    <actions>
                        <action id="-9" name="Destroy" sid="261544253880637" type="Heroi2" />
                        <action id="-2" name="Go to layout" sid="809266556266794" type="System">
                            <param id="0" name="Layout">Layout game over</param>
                        </action>
                    </actions>
                </event-block>
                <event-block sid="158835423550396">
                    <conditions>
                        <condition id="0" name="On collision with another object" sid="987036420075460" type="InimigoPatrulheiro">
                            <param id="0" name="Object">bolaFOGO</param>
                        </condition>
                        <condition id="2" name="Is playing" sid="350803913180390" type="InimigoPatrulheiro">
                            <param id="0" name="Animation">&quot;Congelado&quot;</param>
                        </condition>
                    </conditions>
                    <actions>
                        <action id="4" name="Set animation" sid="888702163874628" type="InimigoPatrulheiro">
                            <param id="0" name="Animation">&quot;Default&quot;</param>
                            <param id="1" name="From">1</param>
                        </action>
                        <action id="-9" name="Destroy" sid="432545837302357" type="bolaFOGO" />
                    </actions>
                </event-block>
                <event-block sid="312852645004579">
                    <conditions>
                        <condition id="2" name="Is playing" sid="297128767185107" type="InimigoPatrulheiro">
                            <param id="0" name="Animation">&quot;Congelado&quot;</param>
                        </condition>
                        <condition id="1" name="Is overlapping another object" sid="867093598667368" type="InimigoPatrulheiro">
                            <param id="0" name="Object">pisoGelo</param>
                        </condition>
                    </conditions>
                    <actions>
                        <action id="-10" name="Add to" sid="225034777530866" type="System">
                            <param id="0" name="Variable">ParedaoVariavel</param>
                            <param id="1" name="Value">1</param>
                        </action>
                    </actions>
                </event-block>
                <event-block sid="885043008676799">
                    <conditions>
                        <condition id="-2" name="On start of layout" sid="838136471339608" type="System" />
                    </conditions>
                    <actions>
                        <action id="-9" name="Set value" sid="743963634297759" type="System">
                            <param id="0" name="Variable">ParedaoVariavel</param>
                            <param id="1" name="Value">0</param>
                        </action>
                        <action id="4" name="Set animation" sid="601545134412570" type="InimigoPatrulheiro">
                            <param id="0" name="Animation">&quot;Default&quot;</param>
                            <param id="1" name="From">1</param>
                        </action>
                        <action behavior="Sine" id="0" name="Set active" sid="598976875498965" type="InimigoPatrulheiro">
                            <param id="0" name="State">1</param>
                        </action>
                    </actions>
                </event-block>
            </sub-events>
        </event-group>
        <event-block sid="128353013730044">
            <conditions>
                <condition id="1" name="Is overlapping another object" sid="344405030499947" type="Heroi1">
                    <param id="0" name="Object">pisoV</param>
                </condition>
                <condition id="1" name="Is overlapping another object" sid="187040436647437" type="Heroi2">
                    <param id="0" name="Object">pisoB</param>
                </condition>
            </conditions>
            <actions>
                <action id="-10" name="Add to" sid="540858386642703" type="System">
                    <param id="0" name="Variable">ParedaoVariavel</param>
                    <param id="1" name="Value">1</param>
                </action>
            </actions>
        </event-block>
        <event-block sid="562750808288819">
            <conditions>
                <condition id="-14" name="Compare variable" sid="202708420639270" type="System">
                    <param id="0" name="Variable">ParedaoVariavel</param>
                    <param id="1" name="Comparison">0</param>
                    <param id="2" name="Value">0</param>
                </condition>
            </conditions>
            <actions>
                <action behavior="Solid" id="0" name="Set enabled" sid="681714798230508" type="paredao">
                    <param id="0" name="State">1</param>
                </action>
                <action id="-15" name="Set visible" sid="273065063901087" type="paredao">
                    <param id="0" name="Visibility">1</param>
                </action>
            </actions>
        </event-block>
        <event-block sid="299237863452809">
            <conditions>
                <condition id="-14" name="Compare variable" sid="850262048963578" type="System">
                    <param id="0" name="Variable">ParedaoVariavel</param>
                    <param id="1" name="Comparison">4</param>
                    <param id="2" name="Value">0</param>
                </condition>
            </conditions>
            <actions>
                <action behavior="Solid" id="0" name="Set enabled" sid="316484403847725" type="paredao">
                    <param id="0" name="State">0</param>
                </action>
                <action id="-15" name="Set visible" sid="525013176709561" type="paredao">
                    <param id="0" name="Visibility">0</param>
                </action>
            </actions>
        </event-block>
        <event-block sid="476985424903456">
            <conditions>
                <condition id="-2" name="On start of layout" sid="186103401702469" type="System" />
                <condition id="-14" name="Compare variable" sid="791285813307355" type="System">
                    <param id="0" name="Variable">PortaUsada</param>
                    <param id="1" name="Comparison">0</param>
                    <param id="2" name="Value">&quot;PortaAbaixo&quot;</param>
                </condition>
            </conditions>
            <actions>
                <action id="-3" name="Set position" sid="239392679252166" type="Heroi1">
                    <param id="0" name="X">850</param>
                    <param id="1" name="Y">874</param>
                </action>
                <action id="-3" name="Set position" sid="433192600046363" type="Heroi2">
                    <param id="0" name="X">750</param>
                    <param id="1" name="Y">874</param>
                </action>
            </actions>
        </event-block>
        <event-block sid="544410672085593">
            <conditions>
                <condition id="0" name="On collision with another object" sid="144295789361233" type="Heroi1">
                    <param id="0" name="Object">portaMenor</param>
                </condition>
                <condition id="-1" name="Compare X" sid="648484872224467" type="portaMenor">
                    <param id="0" name="Comparison">0</param>
                    <param id="1" name="X co-ordinate">848</param>
                </condition>
                <condition id="-2" name="Compare Y" sid="730070534495380" type="portaMenor">
                    <param id="0" name="Comparison">0</param>
                    <param id="1" name="Y co-ordinate">778</param>
                </condition>
                <condition id="-14" name="Compare variable" sid="740776596054458" type="System">
                    <param id="0" name="Variable">Controlando</param>
                    <param id="1" name="Comparison">0</param>
                    <param id="2" name="Value">&quot;Herói 1&quot;</param>
                </condition>
            </conditions>
            <actions>
                <action id="-2" name="Go to layout" sid="585884163595723" type="System">
                    <param id="0" name="Layout">Fase1Parte1</param>
                </action>
                <action id="-9" name="Set value" sid="231410734454946" type="System">
                    <param id="0" name="Variable">PortaUsada</param>
                    <param id="1" name="Value">&quot;PortaAbaixo&quot;</param>
                </action>
            </actions>
        </event-block>
        <event-block sid="557770032144316">
            <conditions>
                <condition id="0" name="On collision with another object" sid="354539062268187" type="Heroi2">
                    <param id="0" name="Object">portaMenor</param>
                </condition>
                <condition id="-1" name="Compare X" sid="394332518058119" type="portaMenor">
                    <param id="0" name="Comparison">0</param>
                    <param id="1" name="X co-ordinate">848</param>
                </condition>
                <condition id="-2" name="Compare Y" sid="762491959225421" type="portaMenor">
                    <param id="0" name="Comparison">0</param>
                    <param id="1" name="Y co-ordinate">778</param>
                </condition>
                <condition id="-14" name="Compare variable" sid="878968861978027" type="System">
                    <param id="0" name="Variable">Controlando</param>
                    <param id="1" name="Comparison">0</param>
                    <param id="2" name="Value">&quot;Herói 2&quot;</param>
                </condition>
            </conditions>
            <actions>
                <action id="-2" name="Go to layout" sid="688727013635969" type="System">
                    <param id="0" name="Layout">Fase1Parte1</param>
                </action>
                <action id="-9" name="Set value" sid="119199495500380" type="System">
                    <param id="0" name="Variable">PortaUsada</param>
                    <param id="1" name="Value">&quot;PortaAbaixo&quot;</param>
                </action>
            </actions>
        </event-block>
        <event-block sid="373175042008198">
            <conditions>
                <condition id="0" name="On collision with another object" sid="145861073466875" type="Heroi1">
                    <param id="0" name="Object">portaMenor</param>
                </condition>
                <condition id="-1" name="Compare X" sid="472355126768414" type="portaMenor">
                    <param id="0" name="Comparison">0</param>
                    <param id="1" name="X co-ordinate">848</param>
                </condition>
                <condition id="-2" name="Compare Y" sid="570083211799245" type="portaMenor">
                    <param id="0" name="Comparison">0</param>
                    <param id="1" name="Y co-ordinate">60</param>
                </condition>
                <condition id="-14" name="Compare variable" sid="141735600156099" type="System">
                    <param id="0" name="Variable">Controlando</param>
                    <param id="1" name="Comparison">0</param>
                    <param id="2" name="Value">&quot;Herói 1&quot;</param>
                </condition>
            </conditions>
            <actions>
                <action id="-2" name="Go to layout" sid="272639248981692" type="System">
                    <param id="0" name="Layout">Fase1Parte3</param>
                </action>
                <action id="-9" name="Set value" sid="781825172602532" type="System">
                    <param id="0" name="Variable">PortaUsada</param>
                    <param id="1" name="Value">&quot;PortaAcima&quot;</param>
                </action>
            </actions>
        </event-block>
        <event-block sid="741837705899764">
            <conditions>
                <condition id="0" name="On collision with another object" sid="968882643158323" type="Heroi2">
                    <param id="0" name="Object">portaMenor</param>
                </condition>
                <condition id="-1" name="Compare X" sid="953944367289926" type="portaMenor">
                    <param id="0" name="Comparison">0</param>
                    <param id="1" name="X co-ordinate">848</param>
                </condition>
                <condition id="-2" name="Compare Y" sid="436062775735901" type="portaMenor">
                    <param id="0" name="Comparison">0</param>
                    <param id="1" name="Y co-ordinate">60</param>
                </condition>
                <condition id="-14" name="Compare variable" sid="473897382348491" type="System">
                    <param id="0" name="Variable">Controlando</param>
                    <param id="1" name="Comparison">0</param>
                    <param id="2" name="Value">&quot;Herói 2&quot;</param>
                </condition>
            </conditions>
            <actions>
                <action id="-2" name="Go to layout" sid="405150417971121" type="System">
                    <param id="0" name="Layout">Fase1Parte3</param>
                </action>
                <action id="-9" name="Set value" sid="300515003293915" type="System">
                    <param id="0" name="Variable">PortaUsada</param>
                    <param id="1" name="Value">&quot;PortaAcima&quot;</param>
                </action>
            </actions>
        </event-block>
        <event-block sid="224692246771547">
            <conditions>
                <condition id="2" name="Is playing" sid="623476263566352" type="InimigoPatrulheiro">
                    <param id="0" name="Animation">&quot;Congelado&quot;</param>
                </condition>
                <condition id="1" name="Is overlapping another object" sid="479777862745528" type="InimigoPatrulheiro">
                    <param id="0" name="Object">pisoGelo</param>
                </condition>
                <condition id="1" name="Is overlapping another object" sid="944460837009012" type="Heroi1">
                    <param id="0" name="Object">pisoV</param>
                </condition>
            </conditions>
            <actions>
                <action id="-10" name="Add to" sid="479665179321771" type="System">
                    <param id="0" name="Variable">ParedaoVariavel</param>
                    <param id="1" name="Value">1</param>
                </action>
            </actions>
        </event-block>
        <event-block sid="480293548054193">
            <conditions>
                <condition id="-2" name="On start of layout" sid="125140099799067" type="System" />
                <condition id="-14" name="Compare variable" sid="889054911034317" type="System">
                    <param id="0" name="Variable">PortaUsada</param>
                    <param id="1" name="Comparison">0</param>
                    <param id="2" name="Value">&quot;PortaAcima&quot;</param>
                </condition>
            </conditions>
            <actions>
                <action id="-3" name="Set position" sid="942411914310435" type="Heroi1">
                    <param id="0" name="X">850</param>
                    <param id="1" name="Y">160</param>
                </action>
                <action id="-3" name="Set position" sid="217374080742367" type="Heroi2">
                    <param id="0" name="X">750</param>
                    <param id="1" name="Y">160</param>
                </action>
            </actions>
        </event-block>
        <event-block sid="891210639212809">
            <conditions>
                <condition id="-2" name="On start of layout" sid="672151567640514" type="System" />
                <condition id="-14" name="Compare variable" sid="638883979302624" type="System">
                    <param id="0" name="Variable">Chariavel</param>
                    <param id="1" name="Comparison">4</param>
                    <param id="2" name="Value">0</param>
                </condition>
            </conditions>
            <actions>
                <action id="-3" name="Set position" sid="576914710816867" type="Chave">
                    <param id="0" name="X">938</param>
                    <param id="1" name="Y">74</param>
                </action>
            </actions>
        </event-block>
    </events>
</c2eventsheet>
